<application>
  <component name="libraryTable">
    <library name="groovy-3.0.0-alpha-3">
      <CLASSES />
      <JAVADOC />
      <SOURCES />
    </library>
    <library name="groovy-3.0.0-alpha-3 (2)">
      <CLASSES />
      <JAVADOC />
      <SOURCES />
    </library>
    <library name="groovy-3.0.0-alpha-3 (3)">
      <CLASSES>
        <root url="jar://E:/Program Files (x86)/Groovy/Groovy-3.0.0/lib/abeilleformbuilder-3.0.jar!/" />
        <root url="jar://E:/Program Files (x86)/Groovy/Groovy-3.0.0/lib/ant-1.10.3.jar!/" />
        <root url="jar://E:/Program Files (x86)/Groovy/Groovy-3.0.0/lib/ant-antlr-1.10.3.jar!/" />
        <root url="jar://E:/Program Files (x86)/Groovy/Groovy-3.0.0/lib/ant-junit-1.10.3.jar!/" />
        <root url="jar://E:/Program Files (x86)/Groovy/Groovy-3.0.0/lib/ant-launcher-1.10.3.jar!/" />
        <root url="jar://E:/Program Files (x86)/Groovy/Groovy-3.0.0/lib/apiguardian-api-1.0.0.jar!/" />
        <root url="jar://E:/Program Files (x86)/Groovy/Groovy-3.0.0/lib/batik-anim-1.7.jar!/" />
        <root url="jar://E:/Program Files (x86)/Groovy/Groovy-3.0.0/lib/batik-awt-util-1.7.jar!/" />
        <root url="jar://E:/Program Files (x86)/Groovy/Groovy-3.0.0/lib/batik-bridge-1.7.jar!/" />
        <root url="jar://E:/Program Files (x86)/Groovy/Groovy-3.0.0/lib/batik-codec-1.7.jar!/" />
        <root url="jar://E:/Program Files (x86)/Groovy/Groovy-3.0.0/lib/batik-css-1.7.jar!/" />
        <root url="jar://E:/Program Files (x86)/Groovy/Groovy-3.0.0/lib/batik-dom-1.7.jar!/" />
        <root url="jar://E:/Program Files (x86)/Groovy/Groovy-3.0.0/lib/batik-ext-1.7.jar!/" />
        <root url="jar://E:/Program Files (x86)/Groovy/Groovy-3.0.0/lib/batik-extension-1.7.jar!/" />
        <root url="jar://E:/Program Files (x86)/Groovy/Groovy-3.0.0/lib/batik-gui-util-1.7.jar!/" />
        <root url="jar://E:/Program Files (x86)/Groovy/Groovy-3.0.0/lib/batik-gvt-1.7.jar!/" />
        <root url="jar://E:/Program Files (x86)/Groovy/Groovy-3.0.0/lib/batik-parser-1.7.jar!/" />
        <root url="jar://E:/Program Files (x86)/Groovy/Groovy-3.0.0/lib/batik-script-1.7.jar!/" />
        <root url="jar://E:/Program Files (x86)/Groovy/Groovy-3.0.0/lib/batik-svg-dom-1.7.jar!/" />
        <root url="jar://E:/Program Files (x86)/Groovy/Groovy-3.0.0/lib/batik-svggen-1.7.jar!/" />
        <root url="jar://E:/Program Files (x86)/Groovy/Groovy-3.0.0/lib/batik-swing-1.7.jar!/" />
        <root url="jar://E:/Program Files (x86)/Groovy/Groovy-3.0.0/lib/batik-transcoder-1.7.jar!/" />
        <root url="jar://E:/Program Files (x86)/Groovy/Groovy-3.0.0/lib/batik-util-1.7.jar!/" />
        <root url="jar://E:/Program Files (x86)/Groovy/Groovy-3.0.0/lib/batik-xml-1.7.jar!/" />
        <root url="jar://E:/Program Files (x86)/Groovy/Groovy-3.0.0/lib/bsf-2.4.0.jar!/" />
        <root url="jar://E:/Program Files (x86)/Groovy/Groovy-3.0.0/lib/commons-cli-1.4.jar!/" />
        <root url="jar://E:/Program Files (x86)/Groovy/Groovy-3.0.0/lib/commons-logging-1.2.jar!/" />
        <root url="jar://E:/Program Files (x86)/Groovy/Groovy-3.0.0/lib/cssbuilder-1.0.0.jar!/" />
        <root url="jar://E:/Program Files (x86)/Groovy/Groovy-3.0.0/lib/cssparser-0.9.5.jar!/" />
        <root url="jar://E:/Program Files (x86)/Groovy/Groovy-3.0.0/lib/easyb-ast-1.1.jar!/" />
        <root url="jar://E:/Program Files (x86)/Groovy/Groovy-3.0.0/lib/easyb-core-1.6.jar!/" />
        <root url="jar://E:/Program Files (x86)/Groovy/Groovy-3.0.0/lib/filters-2.0.235.jar!/" />
        <root url="jar://E:/Program Files (x86)/Groovy/Groovy-3.0.0/lib/flamingo-4.1.jar!/" />
        <root url="jar://E:/Program Files (x86)/Groovy/Groovy-3.0.0/lib/flamingobuilder-0.5.jar!/" />
        <root url="jar://E:/Program Files (x86)/Groovy/Groovy-3.0.0/lib/forms-1.2.1.jar!/" />
        <root url="jar://E:/Program Files (x86)/Groovy/Groovy-3.0.0/lib/formsrt-2.1.0M1.jar!/" />
        <root url="jar://E:/Program Files (x86)/Groovy/Groovy-3.0.0/lib/gant-1.9.11_groovy-2.3.0.jar!/" />
        <root url="jar://E:/Program Files (x86)/Groovy/Groovy-3.0.0/lib/gfxbuilder-core-0.8.jar!/" />
        <root url="jar://E:/Program Files (x86)/Groovy/Groovy-3.0.0/lib/gfxbuilder-svg-0.8.jar!/" />
        <root url="jar://E:/Program Files (x86)/Groovy/Groovy-3.0.0/lib/gfxbuilder-swingx-0.8.jar!/" />
        <root url="jar://E:/Program Files (x86)/Groovy/Groovy-3.0.0/lib/gmock-0.8.3.jar!/" />
        <root url="jar://E:/Program Files (x86)/Groovy/Groovy-3.0.0/lib/gpars-1.2.1.jar!/" />
        <root url="jar://E:/Program Files (x86)/Groovy/Groovy-3.0.0/lib/grengine-1.3.0.jar!/" />
        <root url="jar://E:/Program Files (x86)/Groovy/Groovy-3.0.0/lib/groovy-3.0.0-alpha-3.jar!/" />
        <root url="jar://E:/Program Files (x86)/Groovy/Groovy-3.0.0/lib/groovy-ant-3.0.0-alpha-3.jar!/" />
        <root url="jar://E:/Program Files (x86)/Groovy/Groovy-3.0.0/lib/groovy-bsf-3.0.0-alpha-3.jar!/" />
        <root url="jar://E:/Program Files (x86)/Groovy/Groovy-3.0.0/lib/groovy-cli-commons-3.0.0-alpha-3.jar!/" />
        <root url="jar://E:/Program Files (x86)/Groovy/Groovy-3.0.0/lib/groovy-cli-picocli-3.0.0-alpha-3.jar!/" />
        <root url="jar://E:/Program Files (x86)/Groovy/Groovy-3.0.0/lib/groovy-console-3.0.0-alpha-3.jar!/" />
        <root url="jar://E:/Program Files (x86)/Groovy/Groovy-3.0.0/lib/groovy-datetime-3.0.0-alpha-3.jar!/" />
        <root url="jar://E:/Program Files (x86)/Groovy/Groovy-3.0.0/lib/groovy-dateutil-3.0.0-alpha-3.jar!/" />
        <root url="jar://E:/Program Files (x86)/Groovy/Groovy-3.0.0/lib/groovy-docgenerator-3.0.0-alpha-3.jar!/" />
        <root url="jar://E:/Program Files (x86)/Groovy/Groovy-3.0.0/lib/groovy-groovydoc-3.0.0-alpha-3.jar!/" />
        <root url="jar://E:/Program Files (x86)/Groovy/Groovy-3.0.0/lib/groovy-groovysh-3.0.0-alpha-3.jar!/" />
        <root url="jar://E:/Program Files (x86)/Groovy/Groovy-3.0.0/lib/groovy-jmx-3.0.0-alpha-3.jar!/" />
        <root url="jar://E:/Program Files (x86)/Groovy/Groovy-3.0.0/lib/groovy-json-3.0.0-alpha-3.jar!/" />
        <root url="jar://E:/Program Files (x86)/Groovy/Groovy-3.0.0/lib/groovy-json-direct-3.0.0-alpha-3.jar!/" />
        <root url="jar://E:/Program Files (x86)/Groovy/Groovy-3.0.0/lib/groovy-jsr223-3.0.0-alpha-3.jar!/" />
        <root url="jar://E:/Program Files (x86)/Groovy/Groovy-3.0.0/lib/groovy-macro-3.0.0-alpha-3.jar!/" />
        <root url="jar://E:/Program Files (x86)/Groovy/Groovy-3.0.0/lib/groovy-nio-3.0.0-alpha-3.jar!/" />
        <root url="jar://E:/Program Files (x86)/Groovy/Groovy-3.0.0/lib/groovy-servlet-3.0.0-alpha-3.jar!/" />
        <root url="jar://E:/Program Files (x86)/Groovy/Groovy-3.0.0/lib/groovy-sql-3.0.0-alpha-3.jar!/" />
        <root url="jar://E:/Program Files (x86)/Groovy/Groovy-3.0.0/lib/groovy-swing-3.0.0-alpha-3.jar!/" />
        <root url="jar://E:/Program Files (x86)/Groovy/Groovy-3.0.0/lib/groovy-templates-3.0.0-alpha-3.jar!/" />
        <root url="jar://E:/Program Files (x86)/Groovy/Groovy-3.0.0/lib/groovy-test-3.0.0-alpha-3.jar!/" />
        <root url="jar://E:/Program Files (x86)/Groovy/Groovy-3.0.0/lib/groovy-test-junit5-3.0.0-alpha-3.jar!/" />
        <root url="jar://E:/Program Files (x86)/Groovy/Groovy-3.0.0/lib/groovy-testng-3.0.0-alpha-3.jar!/" />
        <root url="jar://E:/Program Files (x86)/Groovy/Groovy-3.0.0/lib/groovy-xml-3.0.0-alpha-3.jar!/" />
        <root url="jar://E:/Program Files (x86)/Groovy/Groovy-3.0.0/lib/groovyserv-1.2.0.jar!/" />
        <root url="jar://E:/Program Files (x86)/Groovy/Groovy-3.0.0/lib/hamcrest-core-1.3.jar!/" />
        <root url="jar://E:/Program Files (x86)/Groovy/Groovy-3.0.0/lib/ivy-2.5.0-rc1.jar!/" />
        <root url="jar://E:/Program Files (x86)/Groovy/Groovy-3.0.0/lib/jacob-1.14.3.jar!/" />
        <root url="jar://E:/Program Files (x86)/Groovy/Groovy-3.0.0/lib/jansi-1.17.1.jar!/" />
        <root url="jar://E:/Program Files (x86)/Groovy/Groovy-3.0.0/lib/javax.servlet-api-3.0.1.jar!/" />
        <root url="jar://E:/Program Files (x86)/Groovy/Groovy-3.0.0/lib/jcommander-1.48.jar!/" />
        <root url="jar://E:/Program Files (x86)/Groovy/Groovy-3.0.0/lib/jide-oss-3.4.7.jar!/" />
        <root url="jar://E:/Program Files (x86)/Groovy/Groovy-3.0.0/lib/jidebuilder-6.0.jar!/" />
        <root url="jar://E:/Program Files (x86)/Groovy/Groovy-3.0.0/lib/jline-2.14.6.jar!/" />
        <root url="jar://E:/Program Files (x86)/Groovy/Groovy-3.0.0/lib/jna-4.2.2.jar!/" />
        <root url="jar://E:/Program Files (x86)/Groovy/Groovy-3.0.0/lib/jsilhouette-geom-0.4.jar!/" />
        <root url="jar://E:/Program Files (x86)/Groovy/Groovy-3.0.0/lib/jsp-api-2.0.jar!/" />
        <root url="jar://E:/Program Files (x86)/Groovy/Groovy-3.0.0/lib/jsr166y-1.7.0.jar!/" />
        <root url="jar://E:/Program Files (x86)/Groovy/Groovy-3.0.0/lib/junit-4.12.jar!/" />
        <root url="jar://E:/Program Files (x86)/Groovy/Groovy-3.0.0/lib/junit-jupiter-api-5.2.0.jar!/" />
        <root url="jar://E:/Program Files (x86)/Groovy/Groovy-3.0.0/lib/junit-jupiter-engine-5.2.0.jar!/" />
        <root url="jar://E:/Program Files (x86)/Groovy/Groovy-3.0.0/lib/junit-platform-commons-1.2.0.jar!/" />
        <root url="jar://E:/Program Files (x86)/Groovy/Groovy-3.0.0/lib/junit-platform-engine-1.2.0.jar!/" />
        <root url="jar://E:/Program Files (x86)/Groovy/Groovy-3.0.0/lib/junit-platform-launcher-1.2.0.jar!/" />
        <root url="jar://E:/Program Files (x86)/Groovy/Groovy-3.0.0/lib/mac_widgets-0.9.5.jar!/" />
        <root url="jar://E:/Program Files (x86)/Groovy/Groovy-3.0.0/lib/macwidgetsbuilder-0.5.jar!/" />
        <root url="jar://E:/Program Files (x86)/Groovy/Groovy-3.0.0/lib/multiverse-core-0.7.0.jar!/" />
        <root url="jar://E:/Program Files (x86)/Groovy/Groovy-3.0.0/lib/netty-3.2.9.Final.jar!/" />
        <root url="jar://E:/Program Files (x86)/Groovy/Groovy-3.0.0/lib/opentest4j-1.1.0.jar!/" />
        <root url="jar://E:/Program Files (x86)/Groovy/Groovy-3.0.0/lib/org.abego.treelayout.core-1.0.1.jar!/" />
        <root url="jar://E:/Program Files (x86)/Groovy/Groovy-3.0.0/lib/picocli-3.0.2.jar!/" />
        <root url="jar://E:/Program Files (x86)/Groovy/Groovy-3.0.0/lib/qdox-1.12.1.jar!/" />
        <root url="jar://E:/Program Files (x86)/Groovy/Groovy-3.0.0/lib/sac-1.3.jar!/" />
        <root url="jar://E:/Program Files (x86)/Groovy/Groovy-3.0.0/lib/scriptom-1.6.0.jar!/" />
        <root url="jar://E:/Program Files (x86)/Groovy/Groovy-3.0.0/lib/scriptom-office-2K3-tlb-1.6.0.jar!/" />
        <root url="jar://E:/Program Files (x86)/Groovy/Groovy-3.0.0/lib/scriptom-sapi-tlb-1.6.0.jar!/" />
        <root url="jar://E:/Program Files (x86)/Groovy/Groovy-3.0.0/lib/scriptom-scripting-tlb-1.6.0.jar!/" />
        <root url="jar://E:/Program Files (x86)/Groovy/Groovy-3.0.0/lib/scriptom-wbem-tlb-1.6.0.jar!/" />
        <root url="jar://E:/Program Files (x86)/Groovy/Groovy-3.0.0/lib/scriptom-wsh-tlb-1.6.0.jar!/" />
        <root url="jar://E:/Program Files (x86)/Groovy/Groovy-3.0.0/lib/spock-core-1.2-groovy-2.5-20180708.143243-9.jar!/" />
        <root url="jar://E:/Program Files (x86)/Groovy/Groovy-3.0.0/lib/ST4-4.0.8.jar!/" />
        <root url="jar://E:/Program Files (x86)/Groovy/Groovy-3.0.0/lib/svg-salamander-1.1.jar!/" />
        <root url="jar://E:/Program Files (x86)/Groovy/Groovy-3.0.0/lib/swing-worker-1.1.jar!/" />
        <root url="jar://E:/Program Files (x86)/Groovy/Groovy-3.0.0/lib/swingx-action-1.6.4.jar!/" />
        <root url="jar://E:/Program Files (x86)/Groovy/Groovy-3.0.0/lib/swingx-autocomplete-1.6.4.jar!/" />
        <root url="jar://E:/Program Files (x86)/Groovy/Groovy-3.0.0/lib/swingx-beaninfo-1.6.4.jar!/" />
        <root url="jar://E:/Program Files (x86)/Groovy/Groovy-3.0.0/lib/swingx-common-1.6.4.jar!/" />
        <root url="jar://E:/Program Files (x86)/Groovy/Groovy-3.0.0/lib/swingx-core-1.6.4.jar!/" />
        <root url="jar://E:/Program Files (x86)/Groovy/Groovy-3.0.0/lib/swingx-graphics-1.6.4.jar!/" />
        <root url="jar://E:/Program Files (x86)/Groovy/Groovy-3.0.0/lib/swingx-painters-1.6.4.jar!/" />
        <root url="jar://E:/Program Files (x86)/Groovy/Groovy-3.0.0/lib/swingx-plaf-1.6.4.jar!/" />
        <root url="jar://E:/Program Files (x86)/Groovy/Groovy-3.0.0/lib/swingxbuilder-0.3.jar!/" />
        <root url="jar://E:/Program Files (x86)/Groovy/Groovy-3.0.0/lib/testng-6.9.10.jar!/" />
        <root url="jar://E:/Program Files (x86)/Groovy/Groovy-3.0.0/lib/timingframework-1.0.jar!/" />
        <root url="jar://E:/Program Files (x86)/Groovy/Groovy-3.0.0/lib/trident-7.0.jar!/" />
        <root url="jar://E:/Program Files (x86)/Groovy/Groovy-3.0.0/lib/tridentbuilder-0.6.jar!/" />
        <root url="jar://E:/Program Files (x86)/Groovy/Groovy-3.0.0/lib/xml-apis-ext-1.3.04.jar!/" />
        <root url="jar://E:/Program Files (x86)/Groovy/Groovy-3.0.0/lib/xstream-1.4.10.jar!/" />
      </CLASSES>
      <JAVADOC />
      <SOURCES />
    </library>
  </component>
</application>