<application>
  <component name="DefaultFont">
    <option name="FONT_SIZE" value="13" />
    <option name="FONT_FAMILY" value="Source Code Pro" />
  </component>
  <component name="EditorSettings">
    <option name="USE_SOFT_WRAPS" value="CONSOLE" />
  </component>
  <component name="TodoConfiguration">
    <pattern pattern="\btodo\b.*" />
    <pattern pattern="\bfixme\b.*" />
    <pattern icon="important" useCustomColors="true" pattern="\bupdate\b.*">
      <option name="FOREGROUND" value="b1f491" />
      <option name="FONT_TYPE" value="2" />
      <option name="ERROR_STRIPE_COLOR" value="977ab" />
    </pattern>
    <pattern useCustomColors="true" pattern="\bnotice\b.*">
      <option name="FOREGROUND" value="c08357" />
      <option name="FONT_TYPE" value="2" />
      <option name="ERROR_STRIPE_COLOR" value="977ab" />
    </pattern>
    <pattern icon="important" pattern="\bmaybug\b.*" />
    <filter name="todo">
      <pattern index="0" />
    </filter>
    <filter name="fixme">
      <pattern index="1" />
    </filter>
    <filter name="update">
      <pattern index="2" />
    </filter>
    <filter name="notice">
      <pattern index="3" />
    </filter>
    <filter name="maybug">
      <pattern index="4" />
    </filter>
  </component>
</application>