<application>
  <component name="FileTypeManager" version="17">
    <ignoreFiles list="*.hprof;*.iml;*.pyc;*.pyo;*.rbc;*.yarb;*~;.DS_Store;.git;.hg;.idea;.svn;CVS;__pycache__;_svn;vssver.scc;vssver2.scc;" />
    <extensionMap>
      <mapping ext="klib" type="ARCHIVE" />
      <mapping pattern="BB" type="PLAIN_TEXT" />
      <mapping pattern="星瑞-客户列表查询-sql优化" type="PLAIN_TEXT" />
      <mapping pattern="a2" type="PLAIN_TEXT" />
      <mapping pattern="a1" type="PLAIN_TEXT" />
      <mapping pattern="DockerFile" type="PLAIN_TEXT" />
      <mapping pattern="temp" type="PLAIN_TEXT" />
      <mapping pattern="aa.sq" type="PLAIN_TEXT" />
      <mapping pattern="text" type="PLAIN_TEXT" />
      <mapping ext="2018-09-13" type="PLAIN_TEXT" />
      <mapping ext="2019-01-25" type="PLAIN_TEXT" />
      <mapping ext="tmd" type="PLAIN_TEXT" />
      <mapping pattern="a" type="SQL" />
    </extensionMap>
  </component>
</application>