<application>
  <component name="LanguageInjectionConfiguration">
    <injection language="JSON" injector-id="java">
      <display-name>ApproveDTO.setContext (cn.com.artemis.process.api.dto)</display-name>
      <place><![CDATA[psiParameter().ofMethod(0, psiMethod().withName("setContext").withParameters("java.lang.String").definedInClass("cn.com.artemis.process.api.dto.ApproveDTO"))]]></place>
    </injection>
    <injection language="JSON" injector-id="java">
      <display-name>MockHttpServletRequestBuilder.content (org.springframework.test.web.servlet.request)</display-name>
      <place><![CDATA[psiParameter().ofMethod(0, psiMethod().withName("content").withParameters("java.lang.String").definedInClass("org.springframework.test.web.servlet.request.MockHttpServletRequestBuilder"))]]></place>
    </injection>
    <injection language="SpEL" injector-id="java">
      <display-name>OperatorLog.value (cn.com.artemis.rh.common.annotation)</display-name>
      <place><![CDATA[psiMethod().withName("value").withParameters().definedInClass("cn.com.artemis.rh.common.annotation.OperatorLog")]]></place>
    </injection>
    <injection language="SpEL" injector-id="java">
      <display-name>OperatorLog.value (com.duan.springbootdemo1.config.annotation)</display-name>
      <place><![CDATA[psiMethod().withName("value").withParameters().definedInClass("com.duan.springbootdemo1.config.annotation.OperatorLog")]]></place>
    </injection>
    <injection language="JAVA" injector-id="java">
      <display-name>SampleController.main (com.duan.springbootdemo.controller)</display-name>
      <place><![CDATA[psiMethod().withName("main").withParameters().definedInClass("com.duan.springbootdemo.controller.SampleController")]]></place>
    </injection>
  </component>
</application>