<keymap version="1" name="Default copy" parent="$default">
  <action id="AceAction">
    <keyboard-shortcut first-keystroke="ctrl back_slash" />
  </action>
  <action id="ActivateAndroidMonitorToolWindow">
    <keyboard-shortcut first-keystroke="alt 6" />
  </action>
  <action id="ActivateTODOToolWindow" />
  <action id="CodeCompletion">
    <keyboard-shortcut first-keystroke="ctrl space" />
    <keyboard-shortcut first-keystroke="alt back_slash" />
  </action>
  <action id="SwitchApply">
    <keyboard-shortcut first-keystroke="shift alt enter" />
  </action>
  <action id="SwitchDown">
    <keyboard-shortcut first-keystroke="shift alt down" />
  </action>
  <action id="SwitchLeft">
    <keyboard-shortcut first-keystroke="shift alt left" />
  </action>
  <action id="SwitchRight">
    <keyboard-shortcut first-keystroke="shift alt right" />
  </action>
  <action id="SwitchUp">
    <keyboard-shortcut first-keystroke="shift alt up" />
  </action>
  <action id="emacsIDEAs.AceJumpWord">
    <keyboard-shortcut first-keystroke="meta l" />
    <keyboard-shortcut first-keystroke="meta i" second-keystroke="meta f" />
    <keyboard-shortcut first-keystroke="ctrl semicolon" />
  </action>
</keymap>